age,job_satisfaction,salary,tenure,work_env_satisfaction,overtime,marital_status,education,department,promotion_last_5years,years_since_last_promotion,training_hours,work_life_balance,attrition
60,3,147207.03,2,4,No,Divorced,Bachelor,R&D,0,2,92,3,0
50,3,128780.88,0,5,Yes,Single,PhD,Finance,1,10,69,4,0
36,3,92697.72,3,2,No,Single,PhD,HR,1,0,16,1,1
64,3,44786.72,8,2,No,Married,Bachelor,Marketing,1,8,88,1,1
29,2,133129.9,4,1,No,Single,Master,IT,1,9,67,1,1
42,4,125973.73,0,1,No,Married,Bachelor,Marketing,0,7,93,3,0
60,5,52150.22,14,2,No,Single,Master,IT,0,4,83,3,0
40,1,65433.39,4,5,No,Divorced,Bachelor,R&D,1,10,2,5,1
44,4,125208.87,12,2,Yes,Single,Other,R&D,1,1,86,1,1
32,3,52227.41,7,1,Yes,Married,Bachelor,IT,1,4,50,1,1
32,4,140130.3,7,2,Yes,Single,Bachelor,Marketing,1,5,81,3,0
45,5,80943.29,4,2,Yes,Divorced,PhD,IT,0,0,25,3,1
57,1,40444.68,11,5,Yes,Married,Master,HR,1,10,55,5,0
61,1,127889.84,15,4,No,Divorced,Other,R&D,0,3,99,5,1
45,5,74821.16,8,1,Yes,Divorced,Master,HR,0,8,63,2,1
24,5,93179.9,14,5,Yes,Married,Other,R&D,0,1,7,4,1
43,3,43476.52,0,2,No,Divorced,Bachelor,R&D,0,4,80,1,0
23,1,30310.08,3,2,No,Divorced,PhD,Finance,1,0,94,1,0
45,4,106558.22,2,4,Yes,Single,PhD,HR,1,3,36,5,0
65,2,91821.02,1,1,No,Divorced,Master,HR,1,3,96,5,0
51,2,101224.63,14,1,No,Divorced,PhD,Finance,1,5,26,2,0
59,5,125249.26,7,3,No,Divorced,Master,Marketing,0,9,44,4,0
23,3,107592.71,6,1,No,Divorced,Master,HR,0,8,3,2,1
42,2,50972.81,8,4,Yes,Married,Other,IT,0,2,85,4,0
54,1,73292.7,1,3,No,Single,Master,Finance,1,8,89,1,1
33,5,138706.93,13,3,Yes,Divorced,Other,HR,0,5,95,2,0
43,4,122393.36,13,2,Yes,Divorced,PhD,Marketing,0,6,87,5,1
65,5,96796.45,15,2,No,Married,Master,HR,0,9,98,2,1
46,4,60677.4,3,1,No,Divorced,Master,R&D,0,1,36,2,0
48,5,66247.26,13,3,No,Married,Bachelor,IT,1,10,95,1,1
63,5,117834.97,14,2,Yes,Single,Master,Finance,0,9,70,5,0
49,5,132140.91,5,4,No,Single,Master,R&D,0,5,32,5,0
37,4,110570.96,10,2,No,Divorced,Bachelor,Marketing,1,5,30,3,0
36,4,127143.6,2,2,No,Divorced,Bachelor,R&D,1,1,54,3,0
65,5,121998.74,7,3,No,Divorced,PhD,R&D,1,1,11,3,1
24,2,47964.48,2,3,No,Married,Master,Marketing,0,1,10,1,0
58,3,80873.38,13,5,Yes,Divorced,PhD,R&D,0,9,87,2,1
28,3,48358.06,11,4,No,Divorced,PhD,Finance,0,0,71,5,1
42,3,58228.27,12,3,No,Single,Bachelor,HR,0,4,31,5,1
30,4,134311.15,12,1,No,Divorced,Other,R&D,1,7,56,2,0
60,4,86747.04,15,4,Yes,Single,PhD,Finance,0,1,37,5,1
39,2,94242.97,1,4,No,Divorced,Other,HR,0,4,59,2,0
25,3,51413.52,12,3,Yes,Single,Master,HR,1,7,85,1,1
46,3,67472.61,12,4,Yes,Divorced,Bachelor,R&D,1,9,97,1,0
35,5,57629.54,2,3,No,Single,Master,Finance,1,4,18,1,0
30,4,54742.34,10,2,No,Married,Master,R&D,0,1,83,2,0
47,3,106555.3,5,5,No,Single,Bachelor,Marketing,0,2,55,2,0
23,2,60826.06,15,2,Yes,Single,Master,HR,0,5,13,4,1
41,2,105841.86,1,3,Yes,Single,Bachelor,R&D,0,10,32,5,1
49,3,37014.55,7,3,Yes,Divorced,Other,HR,0,10,9,5,0
28,4,47012.93,0,2,Yes,Divorced,Master,Finance,1,4,79,4,1
65,2,62944.83,6,1,Yes,Divorced,Bachelor,IT,1,10,63,4,0
29,5,101645.63,1,1,Yes,Married,PhD,R&D,0,3,63,1,0
56,2,111100.95,9,1,No,Married,Master,R&D,0,3,61,4,1
35,1,83126.04,11,3,No,Single,Other,HR,0,4,67,2,0
38,1,83494.91,15,4,Yes,Married,Bachelor,Finance,0,1,90,3,0
57,4,116942.02,5,3,No,Single,Master,Marketing,0,8,91,2,0
61,3,31898.53,11,4,No,Single,Master,Finance,1,1,42,4,0
25,4,70930.8,1,2,Yes,Single,Master,R&D,1,9,79,5,0
23,4,128244.85,1,5,Yes,Married,Other,Marketing,1,1,58,2,1
27,4,102386.33,9,4,No,Divorced,Bachelor,Finance,0,9,51,5,1
63,4,70467.26,12,1,Yes,Married,PhD,IT,0,8,96,2,1
25,5,138662.98,7,3,Yes,Single,PhD,HR,1,2,18,5,0
50,5,122714.73,14,2,No,Single,PhD,Finance,1,9,20,2,0
39,2,61787.45,14,1,Yes,Married,Bachelor,Finance,0,6,21,5,0
47,1,107434.78,11,2,No,Single,PhD,IT,1,3,8,3,0
65,4,101490.09,1,5,No,Single,Other,R&D,1,5,8,1,0
55,2,78142.55,6,3,No,Married,Bachelor,HR,0,3,72,2,0
31,1,74034.73,2,3,No,Married,Master,Finance,1,9,26,3,1
57,3,71227.26,7,5,No,Married,Other,Marketing,1,6,16,1,0
35,5,104058.69,6,3,Yes,Single,Master,Finance,1,0,43,2,1
52,1,83089.19,13,4,Yes,Single,PhD,HR,0,2,44,3,0
36,3,129823.57,7,2,Yes,Divorced,Other,Finance,1,2,7,3,1
29,1,110352.31,13,1,Yes,Divorced,Bachelor,IT,1,0,79,3,0
35,5,38391.79,6,5,No,Married,Other,Finance,1,5,17,4,1
44,5,106820.19,10,4,No,Divorced,Master,Finance,0,10,32,5,1
61,2,62537.69,5,1,Yes,Single,Bachelor,Marketing,0,8,0,1,0
42,4,101137.44,12,1,No,Divorced,Other,IT,1,7,75,5,0
37,1,111615.83,6,5,Yes,Single,Other,IT,0,10,5,5,1
39,1,57699.5,4,4,Yes,Married,Other,Finance,1,6,40,5,0
45,3,84823.04,6,1,Yes,Married,Other,Marketing,0,9,54,3,0
47,5,52838.98,0,1,No,Single,Bachelor,Finance,0,7,4,5,0
46,1,36280.67,0,4,No,Divorced,Master,Finance,1,5,58,4,1
62,5,75417.17,8,3,No,Married,Other,HR,1,8,79,2,0
50,1,73553.31,13,1,No,Married,Bachelor,HR,1,2,17,3,1
36,2,149457.66,4,2,Yes,Divorced,Master,Marketing,0,9,48,1,1
22,4,83562.28,12,4,No,Divorced,Other,R&D,1,9,81,2,0
46,1,70028.35,4,1,No,Single,Master,HR,0,8,64,2,1
28,5,99657.0,2,5,No,Divorced,Master,R&D,0,3,82,2,0
30,2,40652.09,4,2,Yes,Divorced,Bachelor,IT,1,6,53,5,0
45,1,145399.89,2,1,Yes,Divorced,Master,HR,0,8,60,5,1
22,3,106195.21,8,2,No,Single,Bachelor,HR,1,1,7,3,1
65,4,120580.54,8,2,No,Single,Other,Marketing,0,1,2,5,1
29,1,50457.35,5,3,No,Married,Master,R&D,1,8,24,5,1
45,2,79137.34,14,2,No,Single,Master,HR,0,2,68,5,1
32,3,80722.69,0,3,Yes,Married,PhD,HR,0,8,54,3,0
38,2,128616.77,6,4,No,Divorced,Other,Marketing,1,4,39,3,1
29,2,30148.4,6,3,No,Married,Other,Marketing,0,5,82,4,0
56,3,66102.37,15,5,No,Married,PhD,R&D,1,1,81,4,0
56,2,147748.36,13,1,Yes,Divorced,PhD,IT,0,7,49,4,1
54,3,86986.39,9,4,Yes,Married,Bachelor,IT,0,10,94,4,1
26,1,75903.15,9,4,No,Single,Bachelor,Finance,0,8,32,2,1
63,3,44379.48,3,5,No,Single,Master,HR,1,1,17,2,1
60,3,146899.76,7,3,No,Single,Master,R&D,1,5,56,4,1
62,4,32403.16,5,1,No,Single,Master,HR,1,5,15,4,0
49,3,118461.63,3,3,No,Married,Master,R&D,1,7,79,1,0
28,3,122231.98,3,2,Yes,Married,Bachelor,R&D,1,9,37,2,0
30,1,59238.81,15,3,Yes,Divorced,Other,R&D,0,4,40,1,1
29,4,110587.01,1,4,Yes,Married,Master,HR,0,8,6,1,1
33,5,41151.5,13,1,No,Married,Other,Marketing,1,0,77,5,0
55,1,60845.67,1,3,Yes,Married,Master,HR,0,8,52,3,1
54,1,124548.24,11,1,Yes,Divorced,PhD,R&D,0,9,62,2,1
44,5,133762.34,13,1,Yes,Single,Master,Finance,0,6,88,4,1
45,3,103018.37,3,2,No,Married,Master,IT,0,3,31,4,0
58,2,90820.61,4,2,No,Divorced,Master,R&D,1,2,37,3,1
56,4,49116.48,7,4,Yes,Divorced,Bachelor,Finance,0,9,21,2,0
65,2,37573.08,14,5,No,Divorced,PhD,Marketing,1,10,15,4,1
61,5,44117.88,5,1,Yes,Single,Master,R&D,1,5,51,4,1
43,1,57282.88,13,5,Yes,Married,Master,Finance,0,0,28,5,0
48,1,71000.94,14,4,Yes,Divorced,Other,R&D,1,2,15,1,1
56,4,75709.14,3,1,Yes,Single,PhD,HR,0,1,75,4,1
22,1,71558.61,12,1,No,Divorced,Master,Finance,0,10,16,2,1
56,1,58686.64,10,5,No,Divorced,Other,HR,0,8,100,3,0
58,4,91166.91,6,3,No,Divorced,Other,HR,1,2,63,5,1
35,4,129034.33,7,2,No,Divorced,Bachelor,Finance,1,1,90,2,1
24,5,63564.42,1,3,Yes,Divorced,Other,IT,1,3,88,5,1
22,1,143086.44,11,5,No,Single,Master,Finance,0,1,12,1,1
26,1,134800.4,6,2,Yes,Married,Bachelor,IT,0,0,71,4,1
47,5,49411.71,14,3,No,Married,Bachelor,R&D,0,5,55,2,0
35,3,124353.11,13,2,No,Married,Master,R&D,1,9,4,3,0
60,3,98950.49,1,1,No,Married,PhD,Finance,0,7,11,1,1
48,3,97989.04,1,3,Yes,Single,Other,R&D,0,9,40,1,1
30,5,76925.13,7,2,Yes,Single,Bachelor,Marketing,1,9,2,5,0
36,1,90138.36,1,2,Yes,Single,PhD,HR,1,1,98,1,1
36,5,77661.45,14,2,Yes,Divorced,Master,HR,1,8,32,2,1
47,5,94767.91,10,3,No,Divorced,Other,IT,0,2,85,5,1
63,3,105354.01,8,4,Yes,Divorced,Other,R&D,0,7,49,1,1
34,2,110916.46,11,3,Yes,Married,Bachelor,IT,0,7,55,3,1
53,1,93897.74,0,5,No,Divorced,Other,HR,1,2,8,2,1
60,3,116570.65,14,3,No,Married,Other,HR,1,2,81,3,1
53,2,46953.37,8,2,Yes,Divorced,Other,R&D,1,5,49,3,1
25,2,55437.9,14,1,No,Married,Other,Marketing,1,0,28,5,0
51,4,128248.2,0,3,Yes,Divorced,Master,Marketing,0,3,38,4,0
58,1,68703.36,9,3,No,Divorced,PhD,R&D,0,0,90,5,1
44,2,32747.26,12,2,Yes,Single,Master,R&D,0,2,99,2,1
60,3,48454.94,9,1,Yes,Divorced,Master,IT,0,8,44,2,1
36,4,56833.73,1,1,Yes,Divorced,Bachelor,R&D,0,4,16,5,1
64,1,144878.75,15,5,Yes,Single,Other,Marketing,0,4,55,4,0
50,5,98764.97,5,3,Yes,Married,Master,R&D,0,10,97,5,0
57,3,141927.69,5,1,No,Single,Other,IT,0,3,45,2,0
34,2,99019.6,0,1,Yes,Single,Master,IT,1,2,66,4,0
53,2,87522.53,6,4,Yes,Married,Master,IT,1,4,68,2,1
28,3,67647.32,7,4,Yes,Divorced,Bachelor,IT,0,10,13,4,1
43,2,102764.51,1,1,Yes,Married,PhD,Finance,1,3,66,4,1
49,4,46703.76,7,5,Yes,Divorced,PhD,R&D,0,7,22,5,0
23,1,137791.4,8,1,No,Divorced,Master,HR,0,3,93,5,1
63,4,129519.89,5,2,No,Married,Bachelor,R&D,1,10,60,5,1
27,2,68103.77,4,3,Yes,Single,Other,Finance,0,7,22,4,0
49,5,144335.7,11,5,No,Married,Other,IT,0,5,26,4,0
49,1,129024.09,8,2,Yes,Divorced,Master,Finance,0,10,53,2,0
65,1,109956.83,15,5,No,Married,PhD,Marketing,0,4,9,3,0
65,3,44611.43,12,2,No,Married,Bachelor,Marketing,0,3,88,5,0
41,3,87388.08,11,3,Yes,Divorced,PhD,R&D,0,3,76,2,1
51,5,90732.91,10,3,No,Single,Other,R&D,0,3,15,2,1
32,1,57906.16,8,4,No,Married,PhD,HR,1,10,40,1,0
49,5,39595.85,0,2,Yes,Divorced,Other,HR,1,8,97,5,1
46,3,123206.84,10,4,Yes,Divorced,Bachelor,Marketing,0,3,54,2,1
60,3,44644.21,2,2,No,Married,Bachelor,IT,1,8,100,1,1
54,1,101314.89,8,4,No,Single,Master,Finance,0,9,60,5,1
22,4,142373.9,10,3,No,Married,Master,HR,0,5,85,4,0
48,2,135132.62,1,5,Yes,Single,PhD,HR,0,9,80,1,1
34,3,63330.31,11,4,No,Single,Bachelor,IT,0,6,86,4,1
62,3,132173.84,3,2,No,Single,Bachelor,IT,1,9,99,3,1
24,4,30039.9,3,2,No,Single,Master,R&D,1,2,48,3,0
60,4,32122.54,1,3,Yes,Married,Other,Finance,1,7,72,3,1
27,5,102306.38,14,2,Yes,Divorced,PhD,IT,1,2,51,3,0
29,5,73775.79,2,1,Yes,Divorced,PhD,HR,0,0,1,2,0
48,2,76375.3,12,5,Yes,Divorced,Master,HR,1,9,95,3,0
30,2,97732.93,2,4,No,Divorced,Bachelor,Marketing,0,4,49,2,0
58,1,53013.89,0,5,Yes,Divorced,Master,IT,0,1,85,2,1
54,5,55410.64,5,3,No,Divorced,Master,R&D,1,9,42,5,0
63,3,88152.19,15,4,No,Married,Master,Finance,0,5,76,2,0
65,5,120510.43,7,4,No,Single,Master,R&D,1,9,7,2,0
45,3,104339.73,11,1,No,Divorced,Other,HR,1,8,58,3,0
36,4,65682.61,2,3,Yes,Married,Other,R&D,1,0,64,2,0
53,5,81640.46,4,2,Yes,Divorced,Bachelor,HR,1,3,80,4,1
53,4,50479.77,0,1,Yes,Divorced,Master,HR,1,0,11,3,0
45,2,38955.58,9,1,Yes,Single,Other,HR,0,0,3,1,1
62,2,123923.52,6,5,Yes,Single,Bachelor,HR,1,7,76,3,1
33,1,61846.49,9,5,No,Single,Master,HR,1,10,94,2,0
60,5,51331.97,12,5,Yes,Divorced,PhD,Marketing,0,1,40,4,1
23,4,112994.17,0,1,Yes,Divorced,Other,R&D,1,0,6,3,1
24,3,104166.2,11,2,Yes,Divorced,Bachelor,Marketing,1,10,86,4,1
58,2,105982.76,10,4,Yes,Single,PhD,Marketing,0,7,87,1,0
38,2,57467.35,8,5,No,Married,Master,IT,0,3,68,1,0
23,3,57917.46,7,2,No,Divorced,Master,IT,1,2,68,5,0
23,4,56496.32,6,3,No,Divorced,Master,IT,0,3,80,5,0
49,4,50850.31,9,5,No,Divorced,Other,Finance,1,10,29,3,0
44,5,108686.84,14,4,No,Married,Bachelor,IT,0,4,72,5,0
58,5,131761.91,6,3,Yes,Divorced,PhD,R&D,1,0,5,4,0
53,1,116918.1,4,3,No,Married,Bachelor,Marketing,1,10,88,5,1
54,2,125051.24,4,4,No,Divorced,Other,R&D,1,0,18,4,1
22,5,78575.81,10,5,No,Married,Bachelor,IT,0,2,79,5,0
40,4,108489.1,12,1,Yes,Divorced,Other,Finance,1,5,84,5,1
23,3,72508.35,4,4,Yes,Single,Master,Finance,0,0,65,5,0
65,4,93060.55,0,4,No,Single,PhD,Marketing,1,10,9,2,0
47,2,87796.18,7,4,Yes,Single,Master,R&D,1,1,15,2,0
53,4,51226.46,11,3,Yes,Single,Bachelor,HR,1,6,36,5,1
27,1,76449.45,10,2,No,Divorced,Master,R&D,1,0,78,4,0
53,2,145658.67,0,1,Yes,Single,PhD,IT,1,6,76,3,0
25,3,59829.63,3,5,Yes,Married,Master,HR,0,3,76,1,0
32,1,46056.45,14,5,Yes,Single,PhD,Finance,0,9,31,2,0
38,2,80229.67,8,2,No,Single,PhD,Marketing,0,5,46,5,1
59,3,124840.53,13,4,No,Single,Master,Marketing,1,7,71,1,0
45,1,99857.79,8,1,No,Divorced,Other,Finance,1,8,42,2,1
26,1,111716.98,4,5,Yes,Single,Bachelor,IT,0,5,81,3,1
55,2,52763.38,3,5,No,Married,Other,Finance,1,10,35,4,0
27,5,104273.78,2,4,Yes,Single,Other,IT,1,8,25,5,0
43,1,68820.05,2,2,Yes,Single,Master,HR,1,3,9,3,1
32,1,130116.4,11,1,Yes,Single,Bachelor,Finance,0,5,30,2,1
37,3,105515.86,4,2,No,Married,Bachelor,IT,0,7,96,5,1
54,4,53862.75,9,2,No,Single,Other,HR,0,8,28,1,1
30,2,37754.0,0,1,No,Married,Master,Finance,0,2,4,4,0
27,2,35115.99,4,1,No,Married,Bachelor,Marketing,0,1,76,2,1
37,5,74569.03,5,5,Yes,Single,Other,Finance,1,5,0,4,1
50,5,61902.14,15,5,No,Married,Bachelor,R&D,1,3,86,5,1
24,2,107530.81,6,1,Yes,Divorced,Master,Finance,1,0,2,3,1
41,5,89920.06,11,3,No,Single,Master,R&D,1,7,66,4,0
57,3,61922.31,15,5,No,Single,Master,HR,0,8,70,1,0
40,2,47908.53,8,3,No,Married,Bachelor,Finance,0,8,99,2,0
47,5,45263.97,2,1,Yes,Married,PhD,HR,1,1,34,1,1
24,2,133759.25,14,5,Yes,Single,Bachelor,HR,0,8,14,4,1
40,4,59217.36,15,2,Yes,Divorced,PhD,IT,1,6,66,3,0
41,1,108205.28,1,1,Yes,Married,Master,HR,1,4,92,3,0
53,2,127282.31,15,4,Yes,Married,Other,HR,1,6,29,1,1
28,1,103689.76,13,3,No,Divorced,PhD,Finance,1,8,81,5,0
62,5,133147.83,2,1,Yes,Divorced,Master,Finance,0,7,74,5,1
54,1,77087.25,11,1,Yes,Single,Master,Marketing,1,5,42,3,1
61,2,144746.66,8,5,Yes,Divorced,PhD,IT,0,3,59,1,1
60,4,45977.4,11,5,Yes,Single,Other,HR,1,0,39,1,1
39,5,42257.94,6,5,No,Divorced,Master,IT,1,5,64,1,1
61,2,109043.06,8,4,Yes,Married,PhD,R&D,1,2,28,4,1
22,5,143139.74,12,5,No,Single,Other,HR,1,5,73,5,0
32,3,127066.02,1,1,No,Single,Other,IT,0,5,91,5,0
49,1,39170.02,4,5,No,Single,Master,Marketing,1,3,94,4,0
46,3,63524.13,12,2,Yes,Divorced,Bachelor,Marketing,0,1,18,2,1
44,2,141638.27,3,5,No,Married,Bachelor,HR,1,8,2,4,0
52,4,60367.01,14,4,Yes,Single,Master,R&D,1,1,35,1,1
51,5,123740.45,1,2,Yes,Single,Other,Marketing,1,2,42,4,1
63,1,129015.86,15,1,Yes,Single,Master,Marketing,0,9,14,1,1
56,5,89454.25,8,1,Yes,Single,PhD,R&D,1,0,96,3,1
28,2,76361.87,8,3,Yes,Married,Bachelor,IT,1,6,40,1,0
37,5,84014.93,5,2,No,Divorced,PhD,Marketing,1,0,89,5,0
47,1,57235.76,10,3,No,Married,Master,Finance,1,10,79,4,0
23,2,136726.91,5,2,Yes,Single,Master,Marketing,1,8,35,1,1
22,5,84074.36,7,2,No,Married,Other,IT,0,10,96,2,0
33,4,135895.13,5,4,Yes,Single,Other,IT,0,10,83,3,0
26,2,42683.22,0,3,No,Divorced,Other,HR,1,0,76,2,0
58,2,148593.03,3,4,No,Divorced,PhD,Finance,1,4,32,2,1
53,4,83192.77,12,2,No,Divorced,Other,IT,0,6,4,2,0
30,3,35739.7,6,1,No,Single,Master,R&D,1,2,100,3,1
62,1,34562.62,12,2,No,Married,Other,Finance,0,8,77,3,0
56,3,119544.87,12,4,Yes,Divorced,Bachelor,Finance,1,7,90,3,1
40,5,109084.26,1,3,Yes,Single,Other,R&D,1,2,86,3,0
37,4,126255.67,8,3,No,Single,PhD,Marketing,0,4,13,2,0
24,3,42644.1,7,4,Yes,Married,Bachelor,R&D,1,6,67,5,0
41,2,34268.5,7,3,No,Divorced,Bachelor,R&D,0,3,82,5,1
45,5,91029.51,6,5,Yes,Single,Bachelor,Marketing,0,4,46,3,0
54,5,76511.43,3,1,No,Married,PhD,Marketing,0,2,53,4,0
45,3,85433.63,1,1,No,Divorced,Master,Marketing,1,8,3,1,1
32,3,148990.61,2,1,No,Married,Other,Marketing,0,9,93,4,1
29,4,146489.99,11,3,Yes,Married,Bachelor,Marketing,0,8,82,4,1
57,1,143077.85,5,3,Yes,Single,Bachelor,R&D,1,6,94,4,1
59,3,124061.12,11,2,No,Single,Bachelor,HR,1,9,94,5,0
61,3,72580.96,11,2,No,Single,Master,HR,1,1,8,1,0
41,2,79455.71,4,1,Yes,Married,Master,IT,1,6,52,4,1
56,5,95953.93,11,5,Yes,Single,PhD,HR,1,6,76,3,0
46,1,129664.13,7,2,Yes,Married,Master,HR,1,10,77,5,1
56,2,38245.54,5,2,Yes,Married,Other,R&D,0,4,59,3,0
46,4,80915.63,5,3,Yes,Single,PhD,Marketing,1,8,45,3,1
50,4,39914.12,0,5,No,Divorced,PhD,Marketing,0,10,53,4,0
39,3,91758.91,3,1,Yes,Divorced,Other,R&D,1,2,73,3,1
39,3,137868.1,4,2,No,Divorced,Other,HR,0,3,94,1,1
23,4,123898.19,11,5,No,Married,Other,R&D,0,0,36,3,0
56,3,57341.09,10,5,Yes,Married,PhD,IT,1,5,22,4,0
37,1,147118.9,2,1,Yes,Married,PhD,Marketing,1,3,26,3,0
62,3,110082.05,12,5,No,Single,PhD,Finance,0,0,69,5,1
57,5,31251.32,8,5,Yes,Married,Other,IT,1,1,89,5,0
54,3,60649.62,0,5,No,Single,Other,IT,1,2,65,5,1
25,2,61285.6,5,2,Yes,Single,Bachelor,R&D,0,8,60,2,0
54,1,38310.52,5,1,Yes,Divorced,Master,HR,0,7,76,5,0
35,2,145179.18,9,5,Yes,Divorced,Bachelor,Marketing,0,6,50,5,1
42,2,87390.64,4,5,No,Divorced,Other,Finance,1,10,49,2,1
41,5,137497.75,11,2,Yes,Single,PhD,IT,1,3,18,5,0
29,1,68665.86,14,1,No,Single,Other,Finance,1,0,0,4,1
28,1,45028.03,4,3,Yes,Single,Master,HR,1,7,39,5,1
24,1,86920.33,9,2,No,Married,Bachelor,HR,0,3,31,5,0
38,1,43674.8,13,1,Yes,Single,Bachelor,Finance,1,2,21,2,1
54,1,88321.86,12,5,No,Divorced,PhD,Marketing,0,8,92,4,0
33,5,140435.66,4,1,No,Divorced,Bachelor,HR,1,9,65,3,0
43,3,92492.18,5,1,No,Single,Bachelor,Finance,1,3,39,1,1
43,2,103979.97,7,1,No,Single,Other,IT,0,3,37,4,0
51,1,48796.61,1,3,No,Divorced,Bachelor,Finance,1,8,47,3,1
59,3,35248.28,5,1,No,Single,Bachelor,Finance,1,10,54,4,0
59,3,43296.96,0,3,Yes,Divorced,Bachelor,R&D,0,1,74,3,1
29,2,101823.79,3,5,No,Married,PhD,HR,1,4,80,3,1
48,5,41401.4,13,3,No,Divorced,PhD,Marketing,0,3,54,4,1
48,4,75119.15,9,5,No,Married,Other,Marketing,0,8,50,2,1
55,4,96011.03,2,5,Yes,Single,Bachelor,R&D,0,4,59,4,1
42,3,76638.34,8,3,Yes,Single,PhD,Marketing,0,8,7,4,0
51,2,49642.06,2,2,Yes,Married,PhD,Finance,1,10,85,3,0
54,4,62854.96,14,4,No,Single,Other,R&D,1,8,67,1,1
49,3,141398.1,5,1,Yes,Married,Master,IT,1,1,74,3,0
54,5,111117.87,0,4,Yes,Single,Bachelor,HR,0,8,71,5,1
26,4,89525.74,11,1,No,Divorced,PhD,HR,1,2,8,4,1
40,3,31525.79,5,1,No,Single,Other,HR,1,3,89,4,0
25,3,149089.85,3,5,Yes,Divorced,Other,Finance,1,0,1,2,0
56,1,110574.59,7,1,No,Divorced,Other,IT,1,0,79,3,1
38,5,68030.7,12,1,No,Married,PhD,R&D,0,0,94,2,1
65,1,135512.24,10,3,No,Single,Bachelor,R&D,0,8,69,4,1
49,2,61011.79,8,4,No,Married,Master,HR,1,10,84,3,1
51,1,95281.99,3,3,Yes,Single,Bachelor,IT,0,7,89,3,1
50,1,106328.49,9,1,No,Divorced,Other,IT,1,4,58,5,1
27,4,56527.6,11,5,Yes,Divorced,Other,IT,1,4,18,5,0
56,3,147407.67,9,3,Yes,Single,Master,Marketing,1,8,27,1,1
62,5,119783.03,5,3,Yes,Single,Bachelor,Marketing,0,2,71,5,1
58,1,96937.59,0,2,Yes,Married,Other,HR,1,2,13,3,0
45,5,51671.35,3,1,No,Single,Other,IT,0,6,23,5,1
50,1,36462.98,6,5,No,Single,Bachelor,IT,0,8,43,1,1
52,2,68407.18,11,3,No,Single,Other,R&D,1,5,100,4,0
56,1,120382.48,15,3,Yes,Married,Bachelor,R&D,0,1,55,5,1
54,4,62319.76,14,5,Yes,Single,Other,HR,0,0,89,3,0
42,3,94746.75,0,1,Yes,Divorced,Bachelor,IT,1,1,94,4,1
53,2,117353.66,7,2,No,Married,Master,HR,0,0,50,3,0
44,1,42953.25,11,3,Yes,Married,Other,R&D,0,9,31,4,0
54,5,112235.76,9,2,No,Divorced,Master,R&D,1,9,49,3,0
24,2,41024.51,11,4,No,Divorced,Other,Marketing,1,8,40,5,1
39,2,145815.57,10,1,No,Divorced,Other,HR,0,9,65,5,1
46,1,88607.3,5,4,No,Single,PhD,HR,1,7,24,1,0
63,2,48081.13,4,4,Yes,Divorced,Bachelor,IT,1,6,60,4,0
52,5,71086.04,9,4,No,Single,Master,IT,0,2,65,1,1
24,2,79609.97,10,1,Yes,Married,Master,Marketing,0,7,41,2,1
61,5,120982.2,14,1,No,Married,Master,Finance,1,1,64,5,1
45,1,119210.85,13,5,Yes,Divorced,Bachelor,Finance,0,1,35,4,1
53,3,103432.86,8,2,Yes,Single,PhD,Finance,1,10,75,1,1
43,2,42711.69,1,2,No,Divorced,Master,HR,1,9,8,1,0
44,3,48188.32,4,5,No,Divorced,Bachelor,HR,0,2,35,2,1
23,5,41250.83,5,5,No,Single,Other,R&D,0,6,91,1,0
48,2,99260.73,6,4,Yes,Divorced,Master,HR,1,0,37,3,1
63,4,135256.61,15,5,No,Married,Master,HR,1,7,32,5,0
23,3,82056.06,15,3,No,Divorced,PhD,HR,1,6,41,1,0
47,2,49301.78,4,2,Yes,Single,Master,Marketing,1,3,60,1,1
38,3,96965.08,8,5,No,Single,Master,HR,0,4,45,2,0
61,2,127410.27,0,3,Yes,Married,Other,IT,1,9,85,3,0
54,1,119005.45,6,3,No,Single,Bachelor,IT,0,0,88,1,0
30,3,135774.09,9,3,Yes,Single,Bachelor,R&D,0,3,60,5,0
64,4,63348.25,6,3,Yes,Married,PhD,Marketing,1,0,17,5,1
60,4,53274.46,3,4,No,Divorced,Other,IT,0,0,69,1,0
50,5,135577.98,8,3,Yes,Married,Bachelor,Marketing,0,9,81,3,1
63,2,108907.24,13,4,No,Divorced,Other,Marketing,1,0,79,5,0
47,3,67311.47,11,4,No,Married,Bachelor,R&D,0,6,14,5,1
56,5,119081.77,15,3,Yes,Divorced,Other,Marketing,0,6,47,3,1
46,3,127814.21,15,2,No,Married,PhD,HR,1,3,71,3,1
45,2,103797.39,10,3,Yes,Divorced,Master,Marketing,1,1,12,1,0
34,4,112546.09,4,3,Yes,Married,PhD,R&D,1,2,42,4,1
28,1,75031.19,3,3,Yes,Divorced,Bachelor,R&D,1,7,59,2,1
57,4,94643.48,12,2,Yes,Married,PhD,R&D,1,7,56,4,0
41,5,92899.1,6,1,Yes,Single,Master,IT,1,10,70,4,1
22,1,131765.73,3,1,Yes,Divorced,PhD,HR,1,10,16,5,0
29,5,130795.68,14,4,Yes,Married,Bachelor,IT,0,5,49,3,0
37,2,129921.66,2,4,Yes,Divorced,Bachelor,Finance,0,9,31,5,1
35,1,31323.79,8,2,No,Divorced,PhD,HR,1,8,21,2,0
33,5,119945.46,15,5,No,Married,Master,Marketing,0,10,54,1,0
44,2,121041.17,10,1,Yes,Divorced,PhD,R&D,0,8,56,2,0
36,4,111405.46,7,4,No,Married,Master,Finance,1,3,12,5,1
49,2,120751.76,0,1,No,Single,Other,HR,0,0,46,5,0
55,3,131036.44,6,2,No,Divorced,Master,IT,1,0,86,5,0
23,2,86438.29,8,2,No,Single,Other,R&D,0,9,61,5,0
53,2,90246.03,7,5,No,Divorced,PhD,IT,1,4,53,4,1
44,3,44965.69,7,5,No,Divorced,Master,HR,0,1,28,1,0
43,5,76245.11,12,2,Yes,Divorced,Other,HR,0,5,21,4,1
46,5,107203.82,5,4,No,Married,Other,Finance,0,6,64,5,0
43,2,123647.97,10,1,No,Single,Other,Marketing,1,0,28,3,1
43,3,56065.09,3,3,No,Divorced,Bachelor,IT,0,5,47,4,1
63,3,46538.75,7,5,No,Married,PhD,Finance,0,7,4,5,1
27,4,109565.04,2,3,Yes,Divorced,Other,R&D,1,4,34,5,0
36,5,30225.59,12,4,Yes,Married,Master,Marketing,1,6,73,1,0
64,1,51404.71,8,5,Yes,Divorced,Other,Finance,0,9,82,2,0
58,5,33488.57,12,3,Yes,Single,Bachelor,IT,0,5,100,4,1
54,5,50026.21,1,4,No,Single,PhD,HR,0,3,70,4,0
29,4,51758.31,1,1,Yes,Divorced,Bachelor,R&D,0,6,45,4,0
65,1,76520.83,11,4,Yes,Married,Bachelor,IT,1,9,34,5,1
65,4,78279.25,12,5,Yes,Divorced,Bachelor,Marketing,0,8,44,1,0
26,1,134911.5,14,2,Yes,Married,Master,Marketing,0,9,12,5,0
60,2,91213.17,11,1,No,Divorced,PhD,HR,1,9,9,5,1
25,1,116808.57,6,3,Yes,Married,PhD,HR,0,6,65,3,1
27,4,42496.48,11,5,No,Single,Master,R&D,0,4,69,1,0
53,5,57052.65,9,2,Yes,Divorced,PhD,R&D,0,6,71,4,1
51,1,114353.21,3,4,No,Single,Bachelor,HR,1,2,99,2,0
56,1,36336.48,9,2,No,Single,PhD,HR,1,1,24,4,0
61,3,88391.72,7,5,Yes,Divorced,Master,Marketing,0,10,43,5,0
37,5,101924.28,8,5,Yes,Divorced,Bachelor,HR,0,4,59,1,0
34,2,102257.48,6,2,Yes,Married,Master,Finance,1,3,46,1,0
63,4,32751.94,4,4,Yes,Married,Other,IT,0,4,39,1,1
51,2,68652.96,7,2,No,Single,Bachelor,HR,0,7,6,3,1
40,5,106378.88,15,5,No,Married,Bachelor,R&D,1,3,45,4,0
38,1,47879.97,3,5,Yes,Married,PhD,Finance,1,8,22,3,1
40,1,113449.88,1,3,Yes,Divorced,Bachelor,R&D,1,6,82,2,1
49,5,119511.03,10,3,No,Married,Master,Finance,0,9,45,5,0
47,1,147836.3,14,1,Yes,Single,PhD,HR,0,6,85,3,1
58,1,55181.04,15,5,No,Married,Other,IT,0,7,12,3,1
47,1,129015.68,11,3,Yes,Single,Master,R&D,0,5,20,5,0
44,4,92435.59,5,2,No,Divorced,Other,Finance,1,7,0,1,0
30,4,74815.51,8,4,No,Single,Other,Marketing,0,2,18,5,0
33,3,44685.21,0,2,No,Married,Other,HR,0,9,59,4,0
22,2,118260.67,10,4,No,Divorced,Bachelor,IT,1,9,32,5,0
22,5,58302.91,9,3,No,Married,Master,HR,1,0,3,1,0
55,5,74570.64,11,1,Yes,Divorced,Master,Marketing,0,5,2,5,0
53,5,37505.07,6,2,No,Divorced,Bachelor,IT,1,0,90,3,1
46,3,126164.03,9,2,Yes,Married,PhD,Marketing,1,8,51,2,0
61,4,121990.62,8,2,No,Married,Other,HR,0,1,98,3,1
22,3,118033.9,9,4,No,Divorced,Master,Finance,0,10,27,2,1
37,5,65933.22,8,3,Yes,Divorced,Bachelor,HR,0,1,69,5,0
60,2,50817.61,9,2,Yes,Married,Other,HR,0,6,69,4,1
26,1,106506.39,10,2,Yes,Single,PhD,HR,1,1,54,5,1
43,4,89539.97,12,1,Yes,Married,PhD,R&D,1,9,56,1,1
50,4,51390.3,2,1,No,Divorced,Other,Marketing,0,7,86,5,0
24,3,112309.35,10,3,Yes,Married,PhD,Marketing,0,5,96,2,1
33,4,148935.17,12,3,No,Single,Master,Marketing,1,6,15,3,1
47,5,119666.35,4,5,Yes,Married,Master,R&D,0,6,23,4,0
37,5,118798.37,7,1,Yes,Divorced,Master,Finance,0,5,68,5,1
58,3,144037.53,7,5,No,Married,PhD,HR,0,9,40,5,1
43,5,54352.36,3,4,No,Divorced,Master,Finance,0,10,76,3,1
50,2,97866.0,14,5,Yes,Divorced,Bachelor,R&D,1,8,46,4,1
35,3,147557.61,14,2,No,Married,Master,Marketing,0,8,75,5,1
49,2,49835.29,11,5,No,Divorced,Master,HR,1,6,68,5,0
26,1,114030.24,10,3,No,Divorced,PhD,IT,0,8,100,2,1
51,2,100297.22,10,4,No,Single,Master,IT,0,9,30,2,0
26,1,100377.49,0,2,No,Single,Other,Finance,1,2,91,1,1
33,1,113720.48,0,5,No,Single,Bachelor,Marketing,0,2,91,3,0
37,2,141554.03,14,4,No,Single,PhD,IT,1,0,29,4,0
47,3,123909.83,3,4,No,Divorced,Bachelor,Finance,0,4,17,5,0
47,5,36736.33,5,2,Yes,Married,Other,R&D,0,3,43,5,1
42,5,132327.36,7,5,No,Divorced,PhD,Finance,0,1,26,1,1
60,1,57064.96,5,4,Yes,Divorced,PhD,Finance,0,8,98,5,1
57,1,75229.7,11,4,No,Divorced,Master,Finance,0,2,25,3,1
54,3,85407.94,8,1,No,Married,Bachelor,HR,1,7,59,1,1
51,4,87708.72,14,4,No,Single,Other,Finance,1,5,17,3,0
58,2,82221.65,14,1,No,Divorced,Other,Finance,0,4,96,1,0
44,1,142482.4,8,5,Yes,Divorced,PhD,HR,0,0,88,5,0
31,5,114722.28,13,5,Yes,Single,Master,HR,1,3,55,1,1
26,3,105740.48,1,5,No,Divorced,PhD,R&D,1,2,30,2,1
57,2,35981.04,9,3,Yes,Married,PhD,Marketing,0,0,100,4,0
55,3,138469.6,0,5,No,Divorced,PhD,IT,0,4,58,5,1
52,2,139126.82,1,4,No,Divorced,PhD,IT,1,5,1,4,1
31,2,123625.57,4,2,Yes,Single,Other,Finance,0,1,96,5,0
40,1,30843.5,3,1,Yes,Divorced,Other,R&D,1,2,38,4,0
53,3,36873.63,3,3,No,Divorced,PhD,Finance,0,10,60,2,1
22,3,57026.84,8,5,No,Married,PhD,IT,1,5,62,4,1
26,5,45761.93,10,5,Yes,Single,Master,HR,1,3,95,1,0
25,5,77860.32,7,2,No,Single,PhD,Marketing,0,8,17,4,1
37,1,140714.77,5,2,Yes,Married,Other,R&D,1,4,16,5,0
45,1,86647.25,0,3,No,Divorced,Bachelor,HR,0,3,97,3,0
37,4,31608.32,1,1,No,Single,Other,Marketing,0,1,38,4,0
23,5,63929.48,5,5,Yes,Single,Master,R&D,0,5,70,4,1
49,2,35351.39,10,3,Yes,Divorced,Other,R&D,0,9,53,4,0
53,3,34354.51,1,4,Yes,Divorced,Bachelor,IT,1,1,98,5,0
48,1,63086.38,14,4,No,Single,PhD,HR,0,6,93,4,1
41,3,63073.48,15,3,No,Divorced,Bachelor,R&D,0,2,75,5,0
45,3,124455.19,12,5,No,Single,PhD,R&D,0,8,34,5,1
33,4,146980.16,9,3,No,Divorced,PhD,Marketing,0,10,10,3,1
56,5,74544.85,4,5,Yes,Divorced,Other,IT,1,4,60,1,1
54,1,81466.43,13,2,No,Married,Other,Finance,0,7,43,5,0
54,3,131374.73,4,3,No,Divorced,Other,IT,1,10,67,2,0
64,1,62176.68,5,5,No,Married,Master,Finance,1,5,24,4,1
58,2,48765.82,5,3,Yes,Divorced,Other,HR,1,9,47,2,1
33,4,132370.75,13,3,No,Single,Master,HR,0,7,31,4,1
24,2,35580.07,5,5,No,Single,Other,R&D,0,10,83,3,0
22,1,104363.93,13,5,Yes,Divorced,PhD,HR,0,2,94,5,1
54,1,97439.14,1,1,No,Divorced,Master,R&D,0,2,3,1,1
61,5,71510.45,13,3,No,Single,Bachelor,IT,1,4,37,5,1
31,3,67822.74,9,4,Yes,Divorced,Master,HR,1,10,62,4,0
64,3,122622.93,13,3,No,Married,Master,IT,0,9,46,1,1
65,2,40370.95,12,3,No,Married,Bachelor,IT,0,2,0,5,0
50,4,58414.12,14,5,No,Married,Master,HR,0,7,2,1,0
34,3,117893.85,13,3,Yes,Married,PhD,IT,0,9,100,4,1
33,5,95798.47,2,3,No,Married,Other,HR,0,7,85,3,1
52,2,45358.59,13,4,No,Divorced,Bachelor,HR,0,1,61,3,1
23,2,135856.27,5,5,Yes,Divorced,Other,HR,0,3,63,5,0
56,5,77213.74,12,3,Yes,Married,PhD,Finance,1,9,16,2,0
44,4,129344.21,7,2,No,Divorced,Bachelor,IT,1,0,77,4,0
38,5,124525.56,11,1,No,Divorced,Other,Marketing,1,3,61,5,1
47,4,104931.05,12,4,No,Married,Other,HR,1,10,34,5,0
29,5,89337.74,10,3,No,Divorced,PhD,IT,0,3,12,3,1
50,5,147546.1,11,2,Yes,Divorced,Other,R&D,0,9,34,1,1
47,1,47395.81,0,3,No,Divorced,PhD,HR,0,8,42,4,1
31,2,117018.69,0,3,Yes,Married,Master,HR,0,2,1,1,0
47,5,52942.88,15,5,Yes,Divorced,PhD,Marketing,0,1,55,4,0
55,5,70591.57,10,5,No,Single,Master,Finance,1,8,76,2,0
62,3,67043.85,12,5,No,Single,Bachelor,Finance,0,8,50,3,1
28,2,143644.32,1,2,Yes,Married,Other,HR,1,0,53,2,0
25,3,146082.74,10,3,Yes,Single,PhD,IT,0,5,15,5,0
32,2,51961.85,14,1,No,Married,PhD,R&D,1,9,17,3,1
50,3,32644.22,11,4,Yes,Single,Other,R&D,0,7,6,5,1
57,5,116400.96,11,5,No,Single,Other,IT,1,2,44,2,0
46,5,80158.79,5,5,No,Single,Bachelor,HR,0,10,35,4,1
42,1,40660.83,8,3,Yes,Married,Bachelor,R&D,0,8,40,5,0
57,3,112050.49,15,3,Yes,Married,PhD,Finance,0,1,93,1,1
31,4,95412.66,3,2,No,Divorced,Bachelor,IT,0,5,41,4,1
58,1,147662.02,2,2,Yes,Married,Master,Marketing,1,0,6,4,0
30,3,57289.14,11,5,No,Single,Bachelor,HR,0,6,14,2,1
45,3,78477.35,15,3,No,Single,Bachelor,IT,1,2,59,2,1
56,1,95105.5,7,1,No,Married,PhD,R&D,0,6,39,3,1
56,5,125004.0,15,4,Yes,Married,Master,HR,1,3,82,3,0
57,3,95860.64,10,3,No,Married,Bachelor,Finance,0,8,36,1,1
39,5,103548.02,9,3,No,Divorced,Master,HR,0,4,65,4,1
60,1,57137.65,13,2,No,Single,Master,HR,1,2,54,1,0
53,5,131630.25,8,4,No,Divorced,Master,Finance,0,7,76,1,0
45,2,81435.67,11,5,No,Divorced,Other,Finance,0,5,94,2,1
44,4,46915.16,10,3,No,Single,Other,HR,1,1,79,1,1
53,3,109702.55,4,5,No,Single,Other,Finance,0,2,55,1,1
58,4,55930.85,8,3,No,Married,Other,IT,1,7,43,5,0
33,5,41707.5,1,5,No,Married,PhD,Finance,0,9,56,3,1
34,3,133438.43,2,4,No,Divorced,Bachelor,Finance,1,6,5,3,0
44,5,85219.47,6,2,No,Married,Other,HR,1,9,91,4,0
46,2,119914.05,6,4,Yes,Married,PhD,IT,1,5,31,3,1
56,1,64870.51,5,1,No,Single,Bachelor,Marketing,1,0,73,4,1
62,3,124436.42,5,2,No,Single,Other,Marketing,0,8,17,5,0
51,2,43432.31,1,4,No,Married,Bachelor,R&D,0,2,67,3,1
38,2,72716.8,9,1,Yes,Single,Other,Finance,1,4,72,5,1
41,3,147367.42,5,3,No,Married,PhD,Finance,0,6,6,3,0
46,5,125278.77,3,3,Yes,Single,Master,IT,0,6,7,3,1
43,2,89670.71,11,5,No,Single,Master,Marketing,0,2,63,5,0
34,4,70773.3,2,2,No,Single,Bachelor,R&D,1,3,6,1,1
40,2,134656.28,12,3,Yes,Single,PhD,IT,0,9,40,1,0
57,5,95381.73,10,2,No,Married,Master,Finance,0,6,39,1,0
33,5,121011.0,12,3,Yes,Divorced,Other,Marketing,1,7,2,1,1
62,4,120492.92,1,5,Yes,Single,Master,R&D,0,1,16,3,0
40,2,32153.48,0,4,No,Married,Bachelor,HR,1,8,65,2,0
33,5,45150.45,10,5,No,Married,Bachelor,Marketing,1,6,78,5,1
30,3,109155.52,10,1,No,Single,PhD,R&D,1,7,92,2,1
28,1,49394.38,4,3,No,Divorced,Bachelor,IT,0,5,51,2,1
49,1,60659.2,15,1,Yes,Single,Master,HR,0,5,21,4,0
35,1,143596.55,1,1,Yes,Married,Master,R&D,1,8,3,1,0
52,2,97221.87,1,2,No,Divorced,Master,R&D,1,3,5,3,0
40,4,120087.54,6,3,Yes,Married,Master,Finance,1,10,37,1,1
37,5,96957.69,7,1,Yes,Single,PhD,Marketing,1,10,25,1,0
26,3,96301.63,12,4,No,Divorced,Other,Finance,1,4,10,2,0
56,3,41298.23,9,1,Yes,Married,Other,HR,1,8,89,4,1
33,2,71239.58,7,4,Yes,Married,PhD,R&D,0,0,16,1,0
46,1,63891.71,13,2,No,Married,Bachelor,Finance,1,3,87,5,1
42,2,76887.4,15,1,Yes,Single,Other,Marketing,1,6,91,5,1
57,4,125801.3,3,5,No,Divorced,Bachelor,HR,1,10,98,1,1
44,4,74631.92,14,2,Yes,Single,Other,IT,0,8,30,2,0
37,5,84203.62,13,4,No,Single,Bachelor,Finance,0,10,76,2,0
60,5,77685.77,0,2,Yes,Single,PhD,HR,0,9,34,3,0
63,4,41208.96,10,1,Yes,Divorced,Master,IT,0,5,15,4,1
60,4,82928.66,6,3,No,Single,Bachelor,Finance,1,7,78,2,1
35,4,53473.11,0,3,No,Single,Master,HR,0,8,17,3,1
52,2,52406.8,10,4,No,Single,Bachelor,HR,1,9,100,5,0
26,4,41284.33,3,4,No,Single,Bachelor,Finance,1,3,61,5,0
56,3,72800.52,7,3,Yes,Married,Bachelor,HR,1,0,26,5,0
44,1,120897.83,1,4,Yes,Single,Bachelor,R&D,1,7,34,1,0
50,4,63173.0,5,2,Yes,Married,Bachelor,Finance,1,1,44,4,0
64,1,67481.89,12,5,No,Single,Master,HR,1,10,34,3,1
32,2,107120.96,5,5,Yes,Divorced,Bachelor,IT,0,0,27,4,0
39,1,53500.9,11,2,Yes,Married,Master,IT,0,6,8,1,1
33,2,137634.95,8,5,No,Married,PhD,R&D,0,9,75,3,1
30,3,92422.86,4,1,No,Married,Other,Finance,0,8,14,3,0
31,2,83712.35,9,2,Yes,Married,Bachelor,HR,0,10,20,2,1
65,2,96938.42,3,4,No,Divorced,Other,HR,1,8,51,4,0
38,5,49924.12,4,2,Yes,Single,Master,IT,0,2,34,4,0
59,4,103616.78,11,3,Yes,Married,PhD,R&D,0,5,96,2,1
28,4,73572.09,15,4,No,Divorced,PhD,IT,0,6,50,5,0
34,3,137662.36,11,3,Yes,Married,PhD,IT,1,9,82,1,0
61,3,50262.5,9,4,No,Single,Other,R&D,1,8,54,4,1
63,4,90846.13,14,5,No,Married,Master,Finance,1,1,86,2,1
30,5,101773.52,10,2,Yes,Divorced,Bachelor,HR,0,7,76,3,1
48,4,34006.03,4,1,Yes,Single,Bachelor,Finance,0,6,43,2,1
23,5,73643.17,7,4,Yes,Divorced,Master,Marketing,0,3,64,5,1
26,3,117916.23,9,4,No,Single,Other,Marketing,0,1,92,1,1
50,1,128445.3,11,3,Yes,Single,Bachelor,Marketing,0,7,87,5,0
58,3,67579.44,7,5,No,Single,Master,R&D,1,10,79,3,0
59,3,125831.19,1,3,No,Married,Bachelor,IT,0,4,24,3,0
40,2,146130.71,6,3,Yes,Divorced,PhD,Finance,1,5,86,3,1
29,2,132824.87,7,5,No,Divorced,Bachelor,HR,0,10,91,3,0
22,2,44117.28,15,1,Yes,Divorced,Other,Marketing,1,6,46,2,1
43,2,118767.64,10,3,Yes,Single,Master,Finance,1,9,79,3,0
38,5,68360.02,5,3,Yes,Married,Other,Marketing,1,0,55,3,1
28,4,148609.92,4,4,Yes,Single,Master,Marketing,1,7,37,2,0
46,1,88243.08,10,5,Yes,Divorced,PhD,HR,0,3,10,3,1
25,3,44692.07,8,2,Yes,Married,Master,R&D,0,8,66,5,1
57,5,117022.27,12,1,Yes,Married,Bachelor,IT,0,0,14,5,1
27,1,68761.34,2,1,No,Married,Bachelor,R&D,1,10,0,4,1
52,5,149649.38,11,5,Yes,Divorced,PhD,Finance,0,1,6,5,0
40,5,147573.89,12,4,No,Married,Master,R&D,0,5,0,1,0
65,3,108736.08,12,4,No,Married,PhD,Finance,0,10,48,1,1
60,4,45579.17,9,5,No,Single,Bachelor,Finance,0,9,95,1,1
48,2,112423.32,3,4,Yes,Single,Other,IT,1,10,72,2,1
31,4,41163.66,8,1,No,Married,PhD,HR,1,0,28,5,0
47,3,33523.7,5,1,No,Married,Other,IT,0,3,25,1,1
40,3,128755.01,7,2,Yes,Single,Other,R&D,0,7,86,4,1
60,3,55170.35,6,5,Yes,Single,Master,Finance,0,9,44,2,0
24,1,75483.26,10,3,No,Single,PhD,Marketing,1,4,92,4,1
34,4,146814.89,1,3,Yes,Divorced,Other,Marketing,1,8,96,5,1
49,4,70420.86,2,2,Yes,Divorced,Other,Finance,1,10,70,3,0
41,5,65578.77,0,2,Yes,Single,Master,IT,0,10,11,4,1
49,5,140184.96,15,4,Yes,Married,Master,HR,1,5,94,3,1
29,5,43289.81,8,2,No,Single,Bachelor,IT,1,0,31,2,0
62,3,121149.89,12,2,Yes,Divorced,Other,Finance,1,5,19,4,1
60,4,148567.87,6,3,Yes,Married,Bachelor,Finance,1,5,50,4,0
22,3,138155.52,0,4,Yes,Divorced,Other,HR,1,5,80,2,1
24,1,108200.15,2,2,No,Married,Bachelor,R&D,0,7,35,2,1
34,5,67687.3,3,2,No,Divorced,Master,R&D,0,5,66,1,1
49,3,60518.64,3,4,Yes,Married,PhD,HR,0,4,0,5,1
46,3,128310.61,4,5,Yes,Married,Master,R&D,0,10,26,4,1
54,1,135578.63,13,4,No,Married,Bachelor,Marketing,1,1,39,4,0
59,2,93052.19,2,3,Yes,Married,Bachelor,R&D,0,3,96,2,1
27,4,59320.79,2,5,Yes,Divorced,PhD,R&D,0,9,83,2,1
65,2,43553.19,0,1,No,Divorced,Other,R&D,0,4,13,5,0
53,5,40461.54,6,4,Yes,Married,Bachelor,Marketing,1,9,99,2,0
42,3,116289.29,10,3,Yes,Married,Bachelor,R&D,0,3,68,3,1
37,1,80414.25,9,5,No,Divorced,Bachelor,Marketing,1,1,86,3,0
42,1,138643.18,13,4,No,Married,PhD,HR,1,6,78,3,1
32,4,118760.56,0,2,Yes,Married,Master,IT,1,9,5,3,0
58,2,52951.25,1,4,No,Married,Bachelor,HR,0,9,32,5,0
57,4,103653.29,12,1,Yes,Single,PhD,IT,1,1,54,4,1
56,3,82260.65,3,4,Yes,Married,Bachelor,HR,0,0,18,3,0
40,4,99269.97,12,5,Yes,Single,Other,IT,0,4,76,2,1
41,1,118568.29,3,5,No,Married,PhD,IT,0,0,28,3,0
39,1,126743.51,4,4,No,Divorced,Bachelor,Finance,1,0,60,5,0
62,5,131248.48,10,5,Yes,Single,PhD,IT,1,0,69,2,0
35,5,60476.98,1,2,Yes,Single,Bachelor,IT,0,5,78,3,1
36,3,33733.87,3,4,No,Married,Master,Finance,1,8,79,4,1
52,2,118715.37,0,2,No,Married,Bachelor,R&D,1,9,23,2,0
22,4,42761.25,1,2,No,Single,PhD,R&D,1,10,22,2,1
24,3,67790.35,0,3,Yes,Divorced,Other,Finance,0,0,9,4,1
37,5,30458.06,9,4,No,Divorced,Other,Marketing,1,4,53,2,1
44,4,111800.34,9,5,No,Married,Other,IT,1,8,40,3,0
32,5,50055.84,12,2,Yes,Divorced,Bachelor,IT,0,8,48,2,1
33,4,108633.89,3,3,Yes,Divorced,Master,Finance,1,0,16,3,0
31,2,149009.11,3,4,Yes,Married,Bachelor,Finance,0,7,55,4,0
53,3,38720.5,6,4,No,Divorced,Other,Marketing,1,0,44,1,0
37,4,39249.36,9,1,Yes,Married,PhD,R&D,1,7,29,4,0
29,1,70845.61,10,1,Yes,Single,Other,HR,1,0,43,3,0
59,1,133966.38,10,2,Yes,Married,PhD,R&D,1,4,73,5,1
33,4,55863.58,8,1,Yes,Single,Master,IT,1,7,54,4,1
45,4,73245.34,8,2,No,Single,PhD,Finance,1,5,18,5,0
49,4,38220.65,4,5,Yes,Divorced,Bachelor,Marketing,0,8,28,5,1
29,1,121578.63,9,2,No,Divorced,Bachelor,R&D,1,0,1,3,1
49,1,78996.76,0,1,No,Divorced,Bachelor,Marketing,1,8,35,3,1
57,4,121109.85,0,5,No,Married,PhD,R&D,1,0,18,1,1
47,5,138432.94,5,1,Yes,Divorced,Bachelor,IT,0,9,6,2,1
29,5,57931.58,1,2,No,Single,Bachelor,HR,0,9,25,4,1
49,2,126887.52,7,3,Yes,Divorced,Bachelor,Marketing,0,2,78,3,1
49,3,37091.27,12,4,Yes,Divorced,Master,Marketing,1,0,37,4,0
58,5,137861.69,8,1,Yes,Married,PhD,HR,1,2,2,5,0
62,1,108092.23,12,2,No,Married,PhD,Marketing,0,10,79,2,0
57,5,134907.21,3,5,Yes,Single,Other,Marketing,0,1,65,1,1
48,2,30022.61,4,1,Yes,Married,PhD,R&D,0,1,94,4,1
38,2,50289.73,15,1,Yes,Divorced,Master,R&D,1,8,91,2,0
30,3,76771.13,10,4,No,Married,PhD,HR,0,7,70,1,1
54,5,75540.35,7,2,No,Single,Master,IT,1,0,93,4,1
41,1,57207.65,2,3,No,Divorced,Master,Marketing,1,3,42,2,0
34,1,75793.43,4,5,Yes,Single,PhD,IT,1,0,61,3,0
49,4,45461.85,2,2,No,Married,Other,HR,0,0,70,4,0
50,1,79531.34,11,5,Yes,Married,Bachelor,HR,1,3,99,2,1
34,3,126282.52,9,1,Yes,Single,Bachelor,R&D,0,1,92,1,1
56,3,87488.41,2,4,No,Divorced,PhD,Marketing,0,2,23,2,1
27,1,32160.01,2,4,Yes,Married,PhD,Finance,0,10,38,3,0
39,1,80573.28,12,3,No,Married,Master,HR,0,8,67,4,0
26,4,33261.0,11,4,Yes,Divorced,PhD,Marketing,1,1,92,4,1
46,1,145949.21,6,1,No,Married,Master,IT,1,3,43,4,0
23,4,45294.48,14,3,Yes,Single,Other,R&D,1,0,4,3,0
31,4,114922.6,6,2,Yes,Married,PhD,IT,1,1,54,1,1
51,1,146733.16,6,4,Yes,Married,Bachelor,HR,0,4,92,4,0
26,2,129124.69,9,3,Yes,Divorced,Bachelor,HR,0,9,29,1,0
54,2,113917.85,7,1,Yes,Single,PhD,IT,0,0,28,2,0
22,4,130735.31,4,5,No,Divorced,Master,HR,0,10,25,1,1
39,1,147815.84,4,5,Yes,Married,Bachelor,Marketing,1,6,82,1,1
53,2,104561.34,13,1,No,Married,Master,HR,0,3,25,4,0
32,1,97102.18,3,1,No,Divorced,PhD,R&D,1,5,36,5,1
42,1,105388.57,6,5,No,Divorced,PhD,Marketing,0,7,90,5,1
47,1,93921.11,9,3,Yes,Divorced,Bachelor,Finance,0,5,93,3,1
46,5,106210.69,3,5,Yes,Single,PhD,HR,0,1,52,3,0
43,1,83981.06,14,1,Yes,Married,Other,HR,0,0,29,5,1
48,5,56213.18,1,4,No,Divorced,Other,R&D,1,7,2,2,0
34,4,44429.67,3,2,Yes,Married,Bachelor,R&D,1,7,42,4,0
54,2,38200.91,12,4,Yes,Single,Other,IT,1,8,6,4,1
55,2,61597.89,12,4,No,Single,Master,IT,1,5,48,2,0
62,2,35534.83,7,1,No,Single,Bachelor,IT,0,0,72,2,1
56,2,98060.49,8,5,No,Single,Bachelor,R&D,0,8,40,5,1
22,2,64059.41,15,3,No,Married,Master,IT,1,2,76,3,0
42,2,128944.18,2,4,No,Single,Other,IT,1,10,78,2,0
27,2,38908.9,15,5,No,Single,Other,Finance,0,5,53,3,1
49,4,57162.18,6,3,Yes,Divorced,Other,IT,0,9,68,1,1
38,1,117629.54,13,4,No,Single,Bachelor,HR,1,9,92,4,1
26,3,101857.0,11,3,Yes,Divorced,Bachelor,R&D,1,10,98,5,1
52,5,37738.95,13,5,Yes,Single,Other,Marketing,1,8,90,4,0
26,3,135268.73,8,2,Yes,Single,PhD,Finance,0,10,26,5,0
59,3,135271.41,10,5,No,Divorced,Other,R&D,1,2,7,1,0
24,1,69648.96,3,1,Yes,Single,Master,R&D,1,4,31,4,1
44,1,70848.7,9,3,No,Married,Bachelor,HR,1,4,83,1,0
58,1,148683.4,14,2,No,Married,Master,IT,1,9,63,5,0
58,2,105141.14,2,3,Yes,Single,Master,HR,1,6,9,2,0
31,4,93757.98,4,3,No,Married,Bachelor,IT,0,3,12,4,0
31,2,130578.26,0,4,Yes,Divorced,PhD,IT,1,10,62,1,1
40,4,64234.84,2,1,Yes,Single,Other,R&D,0,3,92,4,0
38,4,81501.91,14,3,No,Single,Master,IT,1,6,34,4,0
42,3,62133.2,7,5,Yes,Divorced,Bachelor,Finance,1,8,60,4,0
35,3,124699.3,10,5,Yes,Divorced,Master,Finance,1,10,53,3,0
30,4,98801.92,7,4,Yes,Divorced,Other,Finance,0,3,7,1,1
22,4,109059.01,14,1,No,Single,PhD,R&D,0,3,28,1,1
34,2,60276.87,12,1,Yes,Divorced,PhD,HR,0,5,94,4,0
25,2,56427.04,3,5,No,Divorced,PhD,Marketing,1,5,40,2,1
22,3,88604.96,1,2,No,Married,Bachelor,IT,1,6,29,4,1
61,1,118507.89,12,4,Yes,Married,Bachelor,Marketing,0,0,85,3,1
53,4,93028.77,7,4,Yes,Single,PhD,HR,0,10,20,5,1
55,2,33917.48,7,5,No,Married,Other,HR,1,2,75,3,0
49,3,134226.18,9,5,No,Married,Other,R&D,0,8,10,2,1
52,2,37762.43,3,2,Yes,Divorced,Bachelor,Finance,1,5,1,4,1
29,4,144698.94,2,2,Yes,Divorced,PhD,Finance,0,5,49,1,0
60,4,33017.03,1,1,No,Married,Other,HR,0,4,40,4,0
47,5,113334.05,8,4,No,Married,Other,R&D,0,10,65,2,0
55,1,39864.85,0,4,No,Married,Other,R&D,1,2,97,1,0
24,5,139281.19,6,5,No,Single,Bachelor,IT,1,10,2,3,1
33,3,85731.99,4,1,No,Single,PhD,Finance,0,4,79,5,0
22,2,46502.85,7,4,Yes,Single,Master,HR,1,0,50,5,1
65,3,70897.88,3,1,No,Married,PhD,Marketing,1,2,67,4,1
26,4,49778.96,6,1,No,Married,PhD,Finance,1,3,86,3,0
51,5,50469.83,12,5,Yes,Single,Bachelor,IT,1,4,83,2,0
51,5,143773.0,4,1,Yes,Single,Other,R&D,0,9,24,5,1
38,5,83429.53,14,2,No,Married,Other,HR,1,8,29,3,1
44,3,124656.27,13,2,No,Divorced,Bachelor,Finance,1,3,81,4,0
36,4,106752.67,4,3,Yes,Single,Bachelor,Marketing,0,2,10,1,0
58,2,111171.16,13,5,No,Married,Bachelor,IT,1,9,92,4,0
42,2,45803.21,8,3,No,Married,Bachelor,IT,1,0,16,4,1
35,3,58102.13,8,2,Yes,Divorced,Bachelor,Finance,1,9,25,3,1
23,5,124410.04,12,3,No,Married,Master,Marketing,0,5,22,5,0
32,1,146491.94,8,5,Yes,Married,PhD,IT,0,6,55,3,1
60,3,61521.08,11,5,Yes,Single,PhD,HR,1,9,51,1,0
59,3,62588.25,5,1,Yes,Single,PhD,IT,1,7,47,3,1
55,4,86747.66,5,4,Yes,Divorced,Other,Marketing,0,0,19,2,1
59,2,148060.84,4,1,No,Divorced,Master,R&D,0,3,1,4,0
55,3,62275.07,8,5,Yes,Married,PhD,R&D,0,10,87,5,0
39,3,78836.63,9,2,No,Single,Other,Finance,1,4,30,1,0
51,5,136977.6,7,2,No,Divorced,Master,Marketing,1,1,26,4,1
36,5,30350.52,6,1,No,Divorced,Master,IT,0,0,1,3,1
48,1,34771.92,6,5,No,Divorced,Other,IT,1,7,77,2,0
55,4,102488.6,5,2,No,Married,Master,R&D,1,5,3,3,1
59,1,138885.62,4,5,Yes,Single,Other,R&D,1,4,12,4,0
54,5,58662.8,12,2,Yes,Divorced,PhD,HR,1,8,99,1,1
45,2,86357.01,3,5,Yes,Single,Other,R&D,1,10,34,5,0
36,5,84055.84,2,3,Yes,Divorced,Master,HR,1,10,71,4,1
51,4,86756.56,15,5,No,Divorced,PhD,IT,1,1,65,1,1
63,5,104702.36,2,5,Yes,Single,PhD,HR,0,9,5,4,1
38,4,86369.25,5,1,No,Single,Bachelor,HR,0,7,30,2,1
26,4,83696.18,14,3,No,Single,Bachelor,Finance,0,10,9,3,0
50,4,86914.61,3,4,Yes,Married,Master,R&D,0,9,20,5,1
25,4,100904.09,11,1,Yes,Divorced,Other,HR,0,8,73,1,0
31,4,94440.9,11,4,Yes,Married,Other,IT,0,0,22,5,0
38,2,132496.32,5,2,Yes,Single,Master,Marketing,0,6,2,5,0
31,1,35939.62,2,4,No,Divorced,PhD,HR,0,7,31,5,0
38,3,129998.05,14,5,No,Married,Master,R&D,0,2,19,1,1
41,1,131270.95,3,4,Yes,Divorced,Master,Finance,1,3,73,1,0
45,4,64188.96,14,1,No,Married,PhD,IT,1,2,28,5,1
26,2,85542.23,8,1,No,Single,Other,Finance,0,6,51,3,1
55,5,82624.62,4,4,No,Married,Master,Marketing,1,8,45,4,1
27,2,56221.18,12,1,Yes,Divorced,Other,HR,1,2,33,5,1
23,4,77615.62,6,1,No,Divorced,Master,HR,0,5,100,2,0
34,2,35326.53,9,4,Yes,Divorced,PhD,R&D,0,7,83,5,1
64,2,63338.65,1,3,Yes,Divorced,PhD,HR,0,5,60,1,0
64,4,128001.86,13,3,No,Single,Bachelor,IT,1,1,71,4,1
32,2,64147.48,13,2,No,Married,PhD,Marketing,1,6,70,2,1
44,3,128184.8,4,1,Yes,Single,Bachelor,Finance,0,1,69,4,0
37,3,93791.94,8,4,No,Single,Master,Marketing,1,1,10,4,1
52,2,135583.52,15,1,No,Single,Other,HR,1,1,81,2,1
32,5,98973.55,10,5,Yes,Divorced,PhD,Finance,1,10,92,5,1
37,4,33560.19,2,1,Yes,Divorced,PhD,R&D,0,0,88,5,1
29,3,111050.42,13,1,Yes,Divorced,PhD,Marketing,1,10,62,5,1
25,5,35382.43,8,3,Yes,Married,Master,Finance,1,0,20,3,0
61,2,84071.64,13,4,No,Divorced,Bachelor,Finance,1,6,2,5,1
25,5,141531.2,15,1,No,Married,Master,Finance,1,4,81,2,1
46,1,49824.47,10,3,Yes,Divorced,Other,IT,1,10,87,3,0
24,3,76784.68,14,2,Yes,Divorced,Master,Marketing,1,2,9,5,1
53,2,117583.24,5,3,Yes,Single,Other,Finance,1,0,26,3,0
24,4,135871.03,3,3,No,Single,PhD,Marketing,0,10,11,2,1
48,2,110513.16,6,3,Yes,Single,Other,Finance,0,9,6,5,1
50,4,60980.79,15,1,No,Married,Other,R&D,1,5,16,1,0
53,2,110952.94,7,1,Yes,Married,Bachelor,R&D,0,10,64,2,1
40,5,65607.32,5,2,Yes,Divorced,Other,R&D,1,0,63,4,1
42,5,116211.51,4,5,Yes,Married,Other,HR,1,8,25,4,0
26,5,144483.98,5,5,No,Divorced,Master,Finance,1,1,14,2,0
39,1,116567.21,4,5,No,Married,PhD,HR,0,0,32,4,1
49,4,133545.66,7,2,No,Married,Master,Marketing,1,6,61,2,0
63,5,30252.46,0,5,Yes,Married,Master,HR,1,5,100,1,1
43,1,116108.65,15,5,No,Single,PhD,Marketing,0,5,46,2,0
42,4,129550.51,10,3,No,Married,PhD,Marketing,0,4,94,5,1
27,2,34867.05,6,1,Yes,Single,Other,Marketing,1,10,34,5,0
22,1,134591.73,14,1,Yes,Single,Other,HR,0,3,64,3,0
26,3,60803.31,9,3,No,Married,Bachelor,Finance,0,10,71,4,0
62,1,109835.05,9,3,No,Divorced,Master,HR,1,3,75,4,0
33,1,126042.59,15,3,No,Divorced,PhD,Finance,1,2,82,2,0
47,4,109519.74,10,1,No,Divorced,Other,Finance,1,9,24,4,0
55,2,41074.18,1,5,Yes,Married,PhD,Marketing,0,7,56,5,0
35,3,101558.58,14,3,Yes,Divorced,Other,HR,0,6,31,1,0
47,5,95950.04,13,2,Yes,Single,Bachelor,Finance,0,8,62,2,0
48,5,138038.55,8,3,No,Divorced,Bachelor,R&D,1,0,11,4,1
30,1,78508.77,0,4,No,Married,PhD,Finance,0,6,62,5,0
47,4,68529.73,10,3,Yes,Divorced,Bachelor,R&D,0,9,76,3,1
43,4,119982.09,15,1,Yes,Single,PhD,HR,1,3,91,4,0
51,5,79521.04,9,3,No,Married,Other,HR,1,6,0,1,1
64,3,107531.54,5,4,No,Divorced,Master,HR,1,0,50,1,1
38,2,107574.01,8,2,Yes,Married,Bachelor,Finance,0,4,69,4,0
47,3,136564.69,0,5,Yes,Married,Other,IT,1,2,7,4,0
57,2,101843.09,3,3,Yes,Married,Master,Finance,0,4,67,5,1
22,5,90258.43,15,4,No,Divorced,Master,Finance,0,3,4,4,1
29,2,46664.56,3,4,No,Married,Master,Marketing,1,1,88,3,0
56,4,43888.51,14,2,No,Divorced,Other,Marketing,1,10,85,5,0
36,1,48518.59,8,1,No,Single,Other,Finance,1,3,91,2,0
43,1,50621.82,10,3,No,Divorced,PhD,R&D,1,2,38,3,1
35,5,106545.25,4,4,No,Single,Master,Marketing,1,0,22,5,0
47,4,118917.75,4,2,Yes,Divorced,Master,Finance,0,9,67,5,0
49,3,93598.98,5,5,Yes,Married,Master,IT,0,7,51,1,0
44,4,129482.13,0,4,No,Divorced,PhD,R&D,0,4,3,5,0
35,1,148951.59,0,2,Yes,Married,Master,HR,1,3,46,3,0
45,1,128401.52,14,1,No,Single,Other,Finance,0,9,20,4,1
23,4,113385.88,8,1,Yes,Divorced,Master,Finance,1,4,100,3,1
47,4,93899.12,2,4,No,Married,Bachelor,R&D,1,3,55,2,0
35,1,83862.37,3,4,Yes,Single,Other,Marketing,0,2,65,5,0
28,3,40127.09,0,3,Yes,Single,PhD,Marketing,0,4,58,5,1
24,5,77924.25,8,2,No,Divorced,Master,Marketing,1,3,6,5,0
44,5,139216.16,14,4,No,Single,Bachelor,HR,0,0,48,5,1
64,4,126962.72,7,3,Yes,Married,PhD,R&D,1,2,15,1,0
39,5,55926.16,1,3,Yes,Single,PhD,R&D,0,9,16,1,1
59,1,85992.93,7,4,No,Single,Other,Marketing,0,9,83,4,1
56,1,128006.78,14,1,Yes,Married,PhD,Marketing,0,7,86,5,0
36,4,38086.15,15,2,No,Single,PhD,IT,0,6,97,2,1
46,4,76487.11,6,2,No,Single,PhD,IT,0,1,74,4,0
58,4,132220.95,10,1,Yes,Single,PhD,Finance,1,0,33,5,1
49,3,78467.74,5,4,No,Single,Master,Finance,0,2,32,1,0
31,5,39313.76,0,2,Yes,Married,Master,R&D,0,4,25,2,0
60,4,95104.12,14,4,Yes,Single,Master,R&D,0,9,65,4,0
38,2,133409.1,6,4,No,Married,Master,HR,1,10,62,2,1
60,2,100834.27,9,3,Yes,Single,Bachelor,HR,1,0,86,5,0
43,1,57153.49,6,1,No,Single,Master,IT,1,2,40,3,0
47,5,76108.75,12,4,No,Single,PhD,Finance,1,2,85,2,0
65,4,84014.8,13,5,No,Single,Master,IT,1,4,57,2,1
46,2,99511.96,8,1,Yes,Married,Master,IT,0,2,97,1,0
38,5,121122.12,0,2,No,Married,Other,Finance,0,8,78,5,1
34,1,41864.83,1,3,Yes,Married,PhD,HR,0,0,9,2,1
41,3,136758.24,10,2,No,Divorced,Master,Finance,1,3,14,5,1
46,5,31477.16,8,2,No,Single,Master,Marketing,1,9,41,1,0
25,5,74406.28,12,1,No,Single,Master,Marketing,0,9,92,5,0
31,3,33290.44,8,2,Yes,Married,Bachelor,Marketing,1,3,56,1,1
24,5,77156.91,12,4,Yes,Divorced,Master,R&D,1,0,86,1,0
62,1,93097.51,5,2,No,Single,Other,HR,1,1,16,4,0
39,1,91401.77,5,3,No,Married,PhD,HR,0,10,59,5,1
57,3,49875.4,3,3,Yes,Single,PhD,R&D,0,0,8,3,1
43,4,107488.86,3,5,Yes,Single,Master,IT,1,5,35,4,0
55,2,35373.41,4,3,Yes,Married,Master,Marketing,1,2,72,1,1
29,4,121428.82,2,2,No,Married,Master,Marketing,1,6,79,3,0
61,5,143597.33,0,3,Yes,Single,PhD,IT,1,4,35,2,1
65,2,70772.26,14,1,No,Single,PhD,Finance,0,8,47,2,0
40,3,92068.73,0,3,Yes,Married,Bachelor,Finance,1,6,50,4,0
63,3,75469.23,11,4,No,Single,Other,HR,0,3,96,3,1
62,2,30805.25,15,1,No,Single,Bachelor,R&D,0,4,94,5,0
58,1,76304.94,14,5,No,Married,Other,HR,0,4,69,3,0
27,2,125006.43,12,4,Yes,Single,Bachelor,Finance,1,10,73,4,1
47,5,101518.66,6,2,Yes,Single,PhD,IT,0,4,79,5,0
55,1,42151.19,15,2,Yes,Divorced,Bachelor,HR,0,9,67,5,0
27,3,131656.74,0,2,No,Married,Other,Marketing,1,8,21,2,0
58,2,93730.24,0,4,No,Divorced,Master,Marketing,1,9,76,3,1
54,4,131006.8,2,4,Yes,Divorced,Other,IT,1,2,79,5,1
43,4,99626.58,9,4,No,Divorced,Master,Finance,0,5,92,4,1
42,5,97162.61,14,1,No,Single,PhD,Marketing,1,7,5,2,1
27,4,42631.1,3,1,No,Single,Other,Marketing,0,10,25,5,1
27,2,50083.17,15,2,Yes,Divorced,Bachelor,R&D,0,8,74,3,0
25,2,146643.03,15,3,No,Divorced,Other,HR,1,6,87,2,0
51,4,57418.41,15,2,Yes,Divorced,Master,Finance,0,2,92,3,0
32,2,147294.25,3,5,Yes,Single,PhD,HR,0,0,2,3,1
51,5,93829.52,1,1,Yes,Divorced,Bachelor,Finance,0,3,51,3,0
52,1,46294.69,0,4,Yes,Divorced,Other,Marketing,0,5,73,2,1
45,5,41916.26,2,1,Yes,Married,Master,R&D,1,2,59,5,0
30,5,55063.69,10,4,No,Married,Bachelor,HR,0,0,62,1,1
24,2,141076.48,3,5,Yes,Single,PhD,Marketing,1,5,64,5,0
52,1,79698.03,2,5,Yes,Married,Bachelor,Finance,0,0,51,2,0
61,2,77452.11,7,1,Yes,Married,PhD,HR,0,8,89,1,1
58,3,67584.75,13,4,No,Married,Bachelor,HR,1,10,75,1,0
57,2,47647.42,9,5,No,Single,Other,Marketing,0,0,13,1,0
45,2,88542.14,0,2,No,Married,Master,HR,0,5,88,4,1
52,2,45605.73,13,2,No,Single,Other,R&D,0,0,71,2,0
27,1,130257.63,1,4,Yes,Divorced,Other,R&D,0,6,67,4,0
23,2,74447.64,12,1,Yes,Married,PhD,Marketing,0,2,27,1,1
41,1,74976.43,6,5,No,Single,PhD,Finance,0,5,70,4,1
49,4,86880.77,3,1,No,Married,PhD,Marketing,1,6,9,4,1
32,3,83295.33,7,2,No,Divorced,Other,R&D,1,0,56,2,1
25,1,149382.96,10,5,No,Single,Bachelor,IT,1,0,99,3,1
36,4,95445.73,12,1,Yes,Single,Bachelor,IT,0,4,65,4,0
27,1,40584.2,2,3,No,Single,Other,HR,0,5,89,4,1
51,1,102825.28,5,4,No,Divorced,Other,HR,0,8,49,1,1
59,3,48190.12,8,4,No,Divorced,Master,IT,1,0,13,1,0
23,5,33712.52,0,3,No,Divorced,PhD,R&D,0,3,15,1,0
36,5,146489.06,0,2,No,Single,PhD,HR,1,9,53,5,0
32,1,122824.67,7,5,No,Divorced,Other,Marketing,0,7,42,4,0
29,2,147613.08,2,4,No,Married,Other,Marketing,0,9,41,1,0
47,4,87345.41,4,3,Yes,Divorced,Bachelor,R&D,0,8,80,2,1
65,2,93870.9,0,3,Yes,Single,Other,HR,1,2,21,5,0
26,2,50200.43,4,2,Yes,Married,Bachelor,Marketing,0,10,67,3,1
27,1,59628.89,10,2,Yes,Divorced,Other,HR,1,1,18,4,0
47,1,130625.91,15,1,Yes,Married,Master,HR,0,3,65,4,1
25,1,72742.28,5,4,Yes,Married,Master,Marketing,0,1,38,2,0
40,1,129217.8,7,1,No,Single,Bachelor,IT,1,0,72,3,1
41,5,115081.65,12,3,No,Married,PhD,Marketing,0,2,18,3,1
54,1,51260.51,15,5,Yes,Married,Master,R&D,0,6,15,5,1
41,5,90893.56,15,5,No,Single,Bachelor,Finance,0,0,53,4,1
33,5,111286.48,13,2,Yes,Single,Other,Marketing,0,1,24,1,1
22,1,58204.47,2,5,No,Single,Other,HR,1,0,17,2,1
47,3,129682.62,2,5,No,Married,Bachelor,HR,1,7,22,2,1
35,4,95379.32,11,5,No,Married,PhD,Marketing,0,4,84,2,1
59,2,49829.05,15,3,No,Married,Bachelor,Finance,0,7,10,2,1
58,5,99958.13,10,5,No,Single,Bachelor,Marketing,1,2,38,1,1
32,4,149965.66,10,5,No,Divorced,Master,Finance,0,6,67,1,0
57,3,48062.58,9,5,Yes,Married,Bachelor,Finance,1,7,24,5,1
34,2,128010.83,8,1,Yes,Divorced,Bachelor,R&D,0,5,62,4,1
64,2,54877.08,3,3,No,Single,Other,HR,1,6,95,1,0
24,5,123886.6,14,2,Yes,Married,Master,HR,1,1,29,5,1
54,1,118149.35,3,1,No,Divorced,Other,Finance,1,7,44,3,1
27,3,66058.73,11,4,Yes,Married,Other,HR,1,4,89,4,0
31,5,69098.77,6,3,No,Married,PhD,IT,0,6,60,1,0
26,3,125102.57,1,3,Yes,Married,PhD,Finance,0,0,99,3,1
44,1,85373.46,7,4,No,Divorced,Master,HR,1,4,50,5,0
31,1,117698.16,5,4,Yes,Single,Master,IT,1,0,97,1,1
65,5,47758.1,2,4,No,Married,PhD,R&D,1,7,8,1,1
23,1,132306.93,8,2,Yes,Single,PhD,HR,1,3,75,3,1
34,4,115306.17,4,5,No,Single,PhD,IT,0,3,1,1,0
61,2,138833.14,7,3,No,Divorced,PhD,Marketing,1,1,4,2,1
23,5,45884.69,6,5,No,Divorced,PhD,Marketing,1,4,61,1,1
41,3,101161.74,13,5,Yes,Single,Other,IT,1,0,68,4,0
22,4,101894.47,7,4,Yes,Married,Master,Finance,1,8,51,3,1
58,5,72415.29,6,2,Yes,Divorced,Other,Finance,1,4,85,4,1
30,1,85015.97,2,1,No,Married,Other,HR,1,5,4,5,1
38,1,34557.79,1,2,Yes,Married,Bachelor,Marketing,1,1,58,4,1
30,1,119503.2,15,5,No,Married,Other,Finance,0,9,67,2,1
32,1,95918.7,6,2,Yes,Single,PhD,Finance,1,9,8,2,1
36,3,36928.93,2,4,Yes,Married,PhD,Marketing,1,0,92,4,0
45,4,111690.71,2,1,Yes,Single,Bachelor,R&D,1,3,21,5,1
59,2,86013.85,1,4,Yes,Single,Bachelor,Finance,0,6,26,1,1
56,3,34135.35,3,1,No,Married,Bachelor,IT,0,5,9,2,0
51,3,146352.93,15,5,Yes,Married,Bachelor,HR,0,9,79,4,1
52,2,143893.46,7,1,Yes,Married,Bachelor,Finance,1,0,60,4,1
26,2,91548.29,11,1,No,Married,Other,Finance,1,0,50,4,0
65,1,41240.69,0,1,No,Single,Bachelor,R&D,1,7,9,1,0
35,3,120554.55,0,2,Yes,Married,Other,IT,0,3,5,3,0
32,5,89031.73,11,2,Yes,Married,Master,HR,1,4,61,5,0
30,2,66293.7,13,5,No,Single,Bachelor,Finance,0,6,4,3,0
55,2,88970.18,4,1,No,Divorced,Bachelor,HR,0,7,69,5,0
33,4,92693.3,10,3,No,Divorced,Other,Marketing,0,9,62,5,0
56,5,97525.4,4,5,Yes,Single,Master,Finance,0,6,55,4,1
56,5,82946.85,10,1,Yes,Divorced,Other,Finance,0,1,58,2,1
22,2,102690.64,11,1,Yes,Single,Other,Marketing,1,3,62,4,1
61,1,140248.17,0,2,No,Married,Bachelor,R&D,1,9,88,1,0
43,4,73472.17,5,5,No,Married,PhD,Finance,0,0,58,5,1
50,5,117085.98,0,1,No,Divorced,PhD,HR,1,9,50,2,0
29,2,137334.31,4,1,Yes,Married,Other,IT,1,8,49,5,1
32,5,84717.51,8,5,No,Divorced,Bachelor,HR,0,2,3,5,1
62,4,83214.7,11,3,Yes,Divorced,Master,R&D,0,2,47,4,1
58,4,102254.04,13,5,No,Married,PhD,IT,1,9,31,2,1
35,3,100968.81,4,5,Yes,Married,Master,HR,1,8,50,2,0
51,2,126790.72,5,3,Yes,Divorced,PhD,HR,1,9,51,5,0
56,4,87178.01,7,5,No,Married,Bachelor,Marketing,1,2,98,2,1
42,3,149534.75,10,1,Yes,Single,Other,R&D,0,7,73,2,0
58,3,37136.59,0,5,No,Married,Master,Marketing,1,1,33,4,0
26,5,30380.14,13,3,Yes,Married,Master,IT,0,2,35,3,1
40,5,106823.8,1,4,No,Single,Other,Marketing,0,1,69,1,0
35,3,65812.19,15,5,No,Married,Master,R&D,1,0,42,3,0
47,5,58845.89,8,2,Yes,Married,PhD,Finance,1,1,15,2,0
25,4,67427.89,2,1,No,Divorced,Other,Finance,1,7,58,5,0
46,1,60725.71,5,1,Yes,Married,PhD,IT,0,8,52,1,1
63,4,33694.81,4,2,No,Married,PhD,Finance,0,1,18,1,1
46,3,146583.97,10,2,No,Single,Bachelor,Marketing,0,6,97,5,0
39,3,56489.46,1,5,No,Divorced,PhD,IT,0,4,88,1,1
61,4,118083.57,13,2,No,Divorced,Bachelor,R&D,1,2,94,5,1
29,5,121511.57,14,4,Yes,Divorced,Master,IT,0,8,40,1,1
60,5,141510.89,6,3,No,Married,Master,IT,0,5,80,3,0
61,3,33665.93,3,2,No,Divorced,Bachelor,HR,1,10,46,1,0
35,2,134645.8,0,2,Yes,Single,PhD,HR,0,0,93,4,1
53,5,93267.14,12,4,Yes,Divorced,Other,IT,0,4,53,5,1
59,4,105905.29,3,1,Yes,Single,Other,Finance,1,6,54,1,0
54,5,107336.43,5,1,Yes,Divorced,Bachelor,HR,0,3,94,5,1
44,4,128375.74,6,5,Yes,Divorced,Master,R&D,0,7,18,4,0
36,3,70008.88,14,4,Yes,Single,Master,Marketing,0,9,61,1,1
54,5,117966.14,6,3,No,Divorced,Other,HR,0,4,98,1,0
46,4,93429.37,13,3,Yes,Divorced,Bachelor,IT,1,8,92,4,0
38,3,125207.28,6,4,No,Divorced,Other,Finance,0,8,58,4,0
54,2,148865.52,2,3,Yes,Married,PhD,Marketing,1,8,64,4,0
23,4,54078.12,15,1,No,Single,PhD,HR,0,0,67,5,1
35,2,149357.84,5,3,No,Divorced,Bachelor,Finance,1,1,27,4,0
61,2,40777.46,12,3,No,Single,Bachelor,Finance,1,2,17,5,1
61,1,30278.11,7,4,Yes,Single,PhD,Finance,1,3,25,3,0
